date,publication,slot,city,spend,estimated_reach,landed,lead_submitted,pay_now_attempt,conversions,gtv
2026-04-05,The Urban Chronicle,Strip Ad,Delhi NCR,17577.24,180400,201,6,0,0,0
2026-04-05,Deccan Daily Express,Quarter Page,Hyderabad,12501.28,162000,329,14,4,4,6096
2026-04-05,Capital Post,Full Page,Delhi NCR,50581.34,610000,730,32,14,7,11193
2026-04-05,Peninsula Weekly,Half Page,Bengaluru,26221.9,277750,409,6,1,0,0
2026-04-05,Sportsline Monthly,Full Page,Mumbai,26591.92,210000,296,11,3,3,2897
2026-04-05,City Pulse Tabloid,Strip Ad,Pune,5587.73,64900,38,2,0,0,0
2026-04-12,Metro Morning Herald,Half Page,Mumbai,40560.04,489500,525,21,8,2,3298
2026-04-12,The Urban Chronicle,Strip Ad,Delhi NCR,15833.3,180400,134,6,0,0,0
2026-04-12,Bay City Times,Full Page,Chennai,32301.83,470000,710,22,9,3,3397
2026-04-19,Metro Morning Herald,Strip Ad,Mumbai,14976.98,195800,356,4,1,1,6499
2026-04-19,The Urban Chronicle,Strip Ad,Delhi NCR,15986.9,180400,67,3,1,0,0
2026-04-19,Deccan Daily Express,Quarter Page,Hyderabad,12110.48,162000,192,6,3,2,1598
2026-04-19,Bay City Times,Full Page,Chennai,32059.04,470000,617,21,7,3,4797
2026-04-19,Peninsula Weekly,Strip Ad,Bengaluru,9735.24,111100,117,3,1,1,499
2026-04-19,City Pulse Tabloid,Strip Ad,Pune,5411.88,64900,159,6,0,0,0
2026-04-26,Deccan Daily Express,Strip Ad,Hyderabad,9109.37,118800,88,3,1,1,1598
2026-04-26,Capital Post,Quarter Page,Delhi NCR,13458.75,183000,118,0,0,0,0
2026-04-26,Peninsula Weekly,Strip Ad,Bengaluru,8852.26,111100,120,6,2,1,2499
2026-04-26,Sportsline Monthly,Quarter Page,Mumbai,8814.3,63000,94,6,2,0,0
2026-04-28,The Urban Chronicle,Half Page,Delhi NCR,39775.69,451000,342,12,4,1,1999
2026-04-28,Deccan Daily Express,Strip Ad,Hyderabad,9303.4,118800,53,2,1,1,1598
2026-04-28,Peninsula Weekly,Quarter Page,Bengaluru,13553.51,151500,92,4,2,1,3998
2026-04-29,The Urban Chronicle,Quarter Page,Delhi NCR,18943.93,246000,209,4,2,2,4298
2026-04-29,Deccan Daily Express,Quarter Page,Hyderabad,11032.47,162000,253,14,5,2,2097
2026-04-29,Bay City Times,Strip Ad,Chennai,8042.63,103400,114,2,0,0,0
2026-04-29,Capital Post,Strip Ad,Delhi NCR,9106.88,134200,238,10,4,4,3796
2026-04-30,Metro Morning Herald,Half Page,Mumbai,42190.63,489500,876,34,8,5,4194
2026-04-30,The Urban Chronicle,Half Page,Delhi NCR,41217.52,451000,720,31,11,4,5195
2026-04-30,Peninsula Weekly,Half Page,Bengaluru,24882.81,277750,436,25,8,5,15594
2026-04-30,Sportsline Monthly,Quarter Page,Mumbai,8542.88,63000,55,0,0,0,0
2026-04-30,City Pulse Tabloid,Quarter Page,Pune,7533.39,88500,98,5,2,1,499
2026-05-03,Metro Morning Herald,Strip Ad,Mumbai,16681.17,195800,265,11,5,2,4597
2026-05-03,Deccan Daily Express,Quarter Page,Hyderabad,12875.74,162000,184,8,3,2,4298
2026-05-03,Bay City Times,Strip Ad,Chennai,8453.19,103400,149,7,2,0,0
2026-05-03,Capital Post,Strip Ad,Delhi NCR,10525.76,134200,166,10,2,1,799
2026-05-03,City Pulse Tabloid,Full Page,Pune,25062.41,295000,377,26,4,2,2098
2026-05-10,Metro Morning Herald,Half Page,Mumbai,41268.26,489500,669,29,8,6,19594
2026-05-10,The Urban Chronicle,Quarter Page,Delhi NCR,20038.14,246000,240,12,4,2,4298
2026-05-10,Bay City Times,Strip Ad,Chennai,8623.37,103400,101,7,2,2,4998
2026-05-10,Peninsula Weekly,Quarter Page,Bengaluru,12941.22,151500,146,5,2,1,1299
2026-05-10,Sportsline Monthly,Strip Ad,Mumbai,5916.24,46200,52,2,1,0,0
2026-05-13,Metro Morning Herald,Half Page,Mumbai,41963.68,489500,619,23,13,9,16691
2026-05-13,The Urban Chronicle,Quarter Page,Delhi NCR,21528.3,246000,381,6,1,0,0
2026-05-13,Deccan Daily Express,Strip Ad,Hyderabad,8656.21,118800,103,6,2,0,0
2026-05-13,Capital Post,Strip Ad,Delhi NCR,10112.39,134200,145,7,1,0,0
2026-05-13,Peninsula Weekly,Strip Ad,Bengaluru,9533.48,111100,131,9,5,2,4798
2026-05-13,Sportsline Monthly,Full Page,Mumbai,25651.27,210000,252,13,5,4,10596
2026-05-13,City Pulse Tabloid,Strip Ad,Pune,4757.4,64900,76,5,3,2,2098
2026-05-14,Metro Morning Herald,Strip Ad,Mumbai,14692.67,195800,235,13,3,1,5998
2026-05-14,The Urban Chronicle,Quarter Page,Delhi NCR,19671.69,246000,402,19,7,1,6499
2026-05-14,Deccan Daily Express,Quarter Page,Hyderabad,12801.55,162000,203,10,3,1,799
2026-05-14,Capital Post,Half Page,Delhi NCR,28746.75,335500,329,15,4,2,9498
2026-05-14,Sportsline Monthly,Quarter Page,Mumbai,9589.11,63000,44,2,0,0,0
2026-05-14,City Pulse Tabloid,Strip Ad,Pune,4981.96,64900,66,5,1,1,1999
2026-05-15,The Urban Chronicle,Strip Ad,Delhi NCR,16666.55,180400,239,10,4,3,4797
2026-05-15,Deccan Daily Express,Strip Ad,Hyderabad,8907.06,118800,73,3,0,0,0
2026-05-15,Peninsula Weekly,Strip Ad,Bengaluru,9937.3,111100,111,4,1,1,2999
2026-05-15,Sportsline Monthly,Strip Ad,Mumbai,6774.42,46200,63,3,1,0,0
2026-05-17,Deccan Daily Express,Quarter Page,Hyderabad,13217.41,162000,176,11,1,1,799
2026-05-17,Capital Post,Half Page,Delhi NCR,28598.11,335500,480,25,6,4,8296
2026-05-17,Sportsline Monthly,Quarter Page,Mumbai,8998.27,63000,113,6,2,0,0
2026-05-17,City Pulse Tabloid,Half Page,Pune,14170.13,162250,114,9,2,0,0
2026-05-24,Metro Morning Herald,Full Page,Mumbai,72081.21,890000,1407,67,30,14,32085
2026-05-24,Bay City Times,Strip Ad,Chennai,7057.96,103400,115,2,1,0,0
2026-05-24,Peninsula Weekly,Half Page,Bengaluru,24391.39,277750,418,12,4,2,2098
2026-05-24,City Pulse Tabloid,Strip Ad,Pune,5263.75,64900,82,4,2,1,1299
2026-05-31,Metro Morning Herald,Quarter Page,Mumbai,21163.15,267000,199,7,2,0,0
2026-05-31,The Urban Chronicle,Quarter Page,Delhi NCR,20430.1,246000,332,18,6,4,5895
2026-05-31,Capital Post,Quarter Page,Delhi NCR,14176.9,183000,156,7,2,1,1299
2026-05-31,Sportsline Monthly,Full Page,Mumbai,27557.54,210000,184,14,1,1,1299
2026-05-31,City Pulse Tabloid,Half Page,Pune,12787.67,162250,136,4,0,0,0
2026-06-07,Metro Morning Herald,Strip Ad,Mumbai,17033.69,195800,335,11,8,5,9893
2026-06-07,Deccan Daily Express,Half Page,Hyderabad,20640.69,297000,550,26,7,2,5498
2026-06-07,Bay City Times,Quarter Page,Chennai,11414.16,141000,192,9,4,2,2097
2026-06-07,Peninsula Weekly,Quarter Page,Bengaluru,15051.61,151500,324,13,3,1,2598
2026-06-14,Deccan Daily Express,Strip Ad,Hyderabad,9250.83,118800,107,5,2,1,6499
2026-06-14,Bay City Times,Strip Ad,Chennai,8113.09,103400,83,2,1,0,0
2026-06-14,Capital Post,Strip Ad,Delhi NCR,10411.46,134200,180,11,7,6,7894
2026-06-14,City Pulse Tabloid,Half Page,Pune,15082.74,162250,187,6,4,2,4798
2026-06-21,Metro Morning Herald,Strip Ad,Mumbai,17053.9,195800,23,1,1,1,799
2026-06-21,Deccan Daily Express,Half Page,Hyderabad,21528.35,297000,206,6,3,2,9998
2026-06-21,Bay City Times,Strip Ad,Chennai,8580.53,103400,97,1,0,0,0
2026-06-21,Capital Post,Quarter Page,Delhi NCR,14104.77,183000,190,13,4,1,499
2026-06-21,Peninsula Weekly,Strip Ad,Bengaluru,9707.5,111100,93,4,2,1,499
2026-06-28,Bay City Times,Half Page,Chennai,23247.73,258500,272,7,4,4,6796
2026-06-29,The Urban Chronicle,Strip Ad,Delhi NCR,14089.32,180400,278,7,1,0,0
2026-06-29,Deccan Daily Express,Strip Ad,Hyderabad,9045.86,118800,150,9,3,2,7298
2026-06-29,Bay City Times,Strip Ad,Chennai,8169.08,103400,94,4,0,0,0
2026-06-29,Capital Post,Strip Ad,Delhi NCR,10871.66,134200,244,5,1,1,2999
2026-06-29,Sportsline Monthly,Strip Ad,Mumbai,6210.97,46200,38,0,0,0,0
2026-06-29,City Pulse Tabloid,Strip Ad,Pune,5152.6,64900,110,7,4,1,799
2026-06-30,The Urban Chronicle,Half Page,Delhi NCR,38270.15,451000,362,22,7,1,1999
2026-06-30,Capital Post,Full Page,Delhi NCR,49064.32,610000,867,30,10,5,5195
2026-06-30,City Pulse Tabloid,Quarter Page,Pune,7947.58,88500,90,8,2,2,1298
2026-07-05,Bay City Times,Strip Ad,Chennai,8615.42,103400,142,8,2,1,799
2026-07-05,City Pulse Tabloid,Full Page,Pune,25436.39,295000,403,13,3,1,2598
2026-07-12,Metro Morning Herald,Full Page,Mumbai,71679.39,890000,1152,57,22,11,18388
2026-07-12,Bay City Times,Strip Ad,Chennai,8628.74,103400,182,10,4,2,1598
2026-07-12,Peninsula Weekly,Quarter Page,Bengaluru,12678.27,151500,250,10,5,2,14997
2026-07-12,Sportsline Monthly,Half Page,Mumbai,16681.96,115500,115,5,0,0,0
2026-07-19,Metro Morning Herald,Quarter Page,Mumbai,23119.21,267000,246,21,3,2,3798
2026-07-19,Bay City Times,Quarter Page,Chennai,12017.12,141000,194,9,2,1,799
2026-07-19,Peninsula Weekly,Strip Ad,Bengaluru,10861,111100,112,6,3,1,799
2026-07-19,Sportsline Monthly,Quarter Page,Mumbai,9676.68,63000,64,4,3,3,6297
2026-07-26,Metro Morning Herald,Strip Ad,Mumbai,16312.99,195800,226,12,6,4,12296
2026-07-26,The Urban Chronicle,Strip Ad,Delhi NCR,13806.31,180400,153,9,4,3,5297
2026-07-26,Deccan Daily Express,Strip Ad,Hyderabad,8421.64,118800,210,16,5,4,4895
2026-07-26,Sportsline Monthly,Quarter Page,Mumbai,8546.52,63000,77,0,0,0,0
2026-07-26,City Pulse Tabloid,Quarter Page,Pune,8597.63,88500,123,9,6,3,19497
2026-08-02,Metro Morning Herald,Half Page,Mumbai,43443.91,489500,322,23,12,4,4096
2026-08-03,Metro Morning Herald,Strip Ad,Mumbai,16627.22,195800,267,14,5,1,1999
2026-08-03,Deccan Daily Express,Quarter Page,Hyderabad,12637.5,162000,169,10,4,2,3998
2026-08-03,Sportsline Monthly,Strip Ad,Mumbai,7010.94,46200,21,1,0,0,0
2026-08-04,Deccan Daily Express,Half Page,Hyderabad,22639.34,297000,520,27,14,11,12688
2026-08-04,Capital Post,Strip Ad,Delhi NCR,10494.54,134200,151,5,2,0,0
2026-08-04,Sportsline Monthly,Strip Ad,Mumbai,7074.98,46200,37,1,1,0,0
2026-08-05,The Urban Chronicle,Strip Ad,Delhi NCR,13925.34,180400,216,12,3,2,5997
2026-08-05,Deccan Daily Express,Half Page,Hyderabad,23610.26,297000,536,27,11,4,8595
2026-08-05,Peninsula Weekly,Strip Ad,Bengaluru,9313.34,111100,158,8,5,2,3498
2026-08-05,Sportsline Monthly,Strip Ad,Mumbai,5653.62,46200,43,3,0,0,0
2026-08-09,Metro Morning Herald,Full Page,Mumbai,73956.77,890000,1249,68,34,16,32183
2026-08-09,Deccan Daily Express,Quarter Page,Hyderabad,11844.28,162000,215,8,4,2,4298
2026-08-09,Capital Post,Quarter Page,Delhi NCR,14006.63,183000,194,12,5,4,3096
2026-08-16,Deccan Daily Express,Strip Ad,Hyderabad,7816.65,118800,52,3,0,0,0
2026-08-16,Bay City Times,Quarter Page,Chennai,11482.13,141000,243,16,7,7,7993
2026-08-16,Capital Post,Half Page,Delhi NCR,24692.31,335500,229,13,5,4,6796
2026-08-16,Sportsline Monthly,Quarter Page,Mumbai,8326.6,63000,56,4,1,1,499
2026-08-16,City Pulse Tabloid,Quarter Page,Pune,7112.83,88500,88,7,4,3,4597
